[
  {
    "model": "users.user",
    "pk": 1,
    "fields": {
      "password": "pbkdf2_sha256$150000$USa2Q47WVZh9$1DDEQcUoj+9Yi2pPdwNxPWnknOsoSqJKBn71DHdzqt0=",
      "last_login": "2020-01-14T07:18:45.418Z",
      "is_superuser": false,
      "username": "abraham.kulang",
      "first_name": "Abraham",
      "last_name": "Kulang",
      "email": "Abraham.Kulang@savethechildren.org",
      "is_staff": false,
      "is_active": true,
      "date_joined": "2015-07-01T00:00:00Z",
      "middle_name": null,
      "groups": [],
      "user_permissions": []
    }
  },
  {
    "model": "users.user",
    "pk": 2,
    "fields": {
      "password": "pbkdf2_sha256$150000$pxZQd9aKxrPz$kL+NN7QNMUteROBGN/TOaNmI+5aFbUihHTXNhUelSLA=",
      "last_login": null,
      "is_superuser": false,
      "username": "michael.mabior",
      "first_name": "Michael",
      "last_name": "Mabior",
      "email": "Michael.Mabior@savethechildren.org",
      "is_staff": false,
      "is_active": true,
      "date_joined": "2015-07-01T00:00:00Z",
      "middle_name": "",
      "groups": [],
      "user_permissions": []
    }
  },
  {
    "model": "users.user",
    "pk": 3,
    "fields": {
      "password": "pbkdf2_sha256$150000$9vEzlQu7KoTg$Eb41iLEibPmW0MOxGDum1mwi7GKcIyhFdKFGq+WNiuc=",
      "last_login": null,
      "is_superuser": false,
      "username": "paul.lotede",
      "first_name": "Paul",
      "last_name": "Lotede",
      "email": "Wani.Angelo@savethechildren.org ",
      "is_staff": false,
      "is_active": true,
      "date_joined": "2015-07-01T00:00:00Z",
      "middle_name": "",
      "groups": [],
      "user_permissions": []
    }
  },
  {
    "model": "users.user",
    "pk": 4,
    "fields": {
      "password": "pbkdf2_sha256$150000$JJkDFAoAhOyk$w/3t1jKmszkeNv1A8i5rd0RemkFYY37xbsxTg/vsNwg=",
      "last_login": null,
      "is_superuser": false,
      "username": "simon.deng.chan",
      "first_name": "Simon Deng",
      "last_name": "Chan",
      "email": "Nyakueka.Stephen@savethechildren.org ",
      "is_staff": false,
      "is_active": true,
      "date_joined": "2011-06-01T00:00:00Z",
      "middle_name": "",
      "groups": [],
      "user_permissions": []
    }
  },
  {
    "model": "users.user",
    "pk": 5,
    "fields": {
      "password": "pbkdf2_sha256$150000$q0twExMx4soH$X5gEQP31CQwAsWqxQZNOHNvIyVOBhwMHA141usL7MOs=",
      "last_login": null,
      "is_superuser": false,
      "username": "pascal.agele",
      "first_name": "Pascal",
      "last_name": "Agele",
      "email": "Pascal.Agele@savethechildren.org ",
      "is_staff": false,
      "is_active": true,
      "date_joined": "2015-01-01T00:00:00Z",
      "middle_name": "",
      "groups": [],
      "user_permissions": []
    }
  },
  {
    "model": "users.user",
    "pk": 6,
    "fields": {
      "password": "pbkdf2_sha256$150000$ilUeeqGgpFV1$BpoWNOEhe+NF1VfOdsK/MtCJQk5QCJbsZ1E3r17KyPw=",
      "last_login": null,
      "is_superuser": false,
      "username": "nyakong.wiyal.dhol",
      "first_name": "Nyakong Wiyal",
      "last_name": "Dhol",
      "email": "Nyakueka.Stephen@savethechildren.org ",
      "is_staff": false,
      "is_active": true,
      "date_joined": "2010-09-29T00:00:00Z",
      "middle_name": "",
      "groups": [],
      "user_permissions": []
    }
  },
  {
    "model": "users.user",
    "pk": 7,
    "fields": {
      "password": "pbkdf2_sha256$150000$jXXt4HBNF5S6$qBGDwwZk8VQSFABp8XO8sQ+0jgBni/G60LO+wiy5cmA=",
      "last_login": null,
      "is_superuser": false,
      "username": "both.koak.biliew",
      "first_name": "Both Koak",
      "last_name": "Biliew",
      "email": "Both.Koak@savethechildren.org ",
      "is_staff": false,
      "is_active": true,
      "date_joined": "2011-04-01T00:00:00Z",
      "middle_name": "",
      "groups": [],
      "user_permissions": []
    }
  },
  {
    "model": "users.user",
    "pk": 8,
    "fields": {
      "password": "pbkdf2_sha256$150000$ASlDE5NE3k9q$e1I/S4z+/z9q552IHooK07AT4kJFieG55NJwGpjboNw=",
      "last_login": null,
      "is_superuser": false,
      "username": "choul.tongyik.wuol",
      "first_name": "Choul Tongyik",
      "last_name": "Wuol",
      "email": "Chuol.Tongyik@savethechildren.org ",
      "is_staff": false,
      "is_active": true,
      "date_joined": "2015-01-01T00:00:00Z",
      "middle_name": "Philip",
      "groups": [],
      "user_permissions": []
    }
  },
  {
    "model": "users.user",
    "pk": 9,
    "fields": {
      "password": "pbkdf2_sha256$150000$4EoCGMNK7DGo$YCXGKw6DE+vcvCmHgk52w7LbWvp3ginWD1+g8WDWE+g=",
      "last_login": null,
      "is_superuser": false,
      "username": "manyuon.john.chol",
      "first_name": "Manyuon John",
      "last_name": "Chol",
      "email": "John.Manyuon@savethechildren.org ",
      "is_staff": false,
      "is_active": true,
      "date_joined": "2015-11-17T00:00:00Z",
      "middle_name": "",
      "groups": [],
      "user_permissions": []
    }
  },
  {
    "model": "users.user",
    "pk": 10,
    "fields": {
      "password": "pbkdf2_sha256$150000$CM26XxfT7lXe$OaQV8DOGeHHhX/fTxllcQko0h5VmmoVvoysyaXmKoFU=",
      "last_login": null,
      "is_superuser": false,
      "username": "ling.alex.benard",
      "first_name": "Ling Alex",
      "last_name": "Benard",
      "email": "Ling.Alex.Benard@savethechildren.org",
      "is_staff": false,
      "is_active": true,
      "date_joined": "2015-07-01T00:00:00Z",
      "middle_name": "",
      "groups": [],
      "user_permissions": []
    }
  },
  {
    "model": "users.employee",
    "pk": 1,
    "fields": {
      "user_group": 1,
      "marital_status": "MARRIED",
      "image": "default.png",
      "mobile_number": "924687476",
      "date_of_birth": "1980-11-18",
      "sex": "MALE",
      "id_number": "7281006",
      "passport_number": null,
      "home_address": "Juba",
      "residential_address": "Juba- Sherikat",
      "district": 7,
      "basic_salary": "3816.84",
      "tin_number": null,
      "nationality": 1,
      "grade": 2,
      "duty_station": 4,
      "duty_country": 1,
      "department": 14,
      "job_title": 195,
      "line_manager": null,
      "contract_type": 1,
      "contract_expiry": "2019-12-31",
      "appointment_date": "2015-07-01",
      "social_security": "YES",
      "payroll_center": 1,
      "bank_1": 1,
      "bank_2": null,
      "category": 1,
      "first_account_number": "0200000041555",
      "second_account_number": null,
      "first_bank_percentage": 100,
      "second_bank_percentage": 0,
      "social_security_number": null,
      "nhif_number": null,
      "currency": 1,
      "cost_centre": 1,
      "payment_type": "BANK",
      "medical_insurance_category": null,
      "medical_insurance_number": null,
      "sos_name_1": null,
      "sos_phone_number_1": null,
      "sos_address_1": null,
      "sos_relationship_1": null,
      "sos_name_2": null,
      "sos_phone_number_2": null,
      "sos_address_2": null,
      "sos_relationship_2": null,
      "sos_name_3": null,
      "sos_phone_number_3": null,
      "sos_address_3": null,
      "sos_relationship_3": null,
      "transferable": "YES",
      "kin_full_name": null,
      "kin_phone_number": null,
      "kin_relationship": null,
      "kin_nationality": 1,
      "kin_passport_number": null,
      "kin_address": null,
      "employment_status": "APPROVED",
      "agresso_number": "7281006",
      "documents": "",
      "payment_location": 4,
      "assigned_locations": []
    }
  },
  {
    "model": "users.employee",
    "pk": 2,
    "fields": {
      "user_group": 1,
      "marital_status": "MARRIED",
      "image": "default.png",
      "mobile_number": "922407128",
      "date_of_birth": "1987-07-15",
      "sex": "MALE",
      "id_number": "7281031",
      "passport_number": null,
      "home_address": "Juba",
      "residential_address": "Juba",
      "district": 7,
      "basic_salary": "2162.99",
      "tin_number": null,
      "nationality": 1,
      "grade": 3,
      "duty_station": 4,
      "duty_country": 1,
      "department": 14,
      "job_title": 81,
      "line_manager": null,
      "contract_type": 1,
      "contract_expiry": "2019-12-31",
      "appointment_date": "2015-07-01",
      "social_security": "YES",
      "payroll_center": 1,
      "bank_1": 1,
      "bank_2": null,
      "category": 1,
      "first_account_number": "0200000058431",
      "second_account_number": null,
      "first_bank_percentage": 100,
      "second_bank_percentage": 0,
      "social_security_number": null,
      "nhif_number": null,
      "currency": 1,
      "cost_centre": 1,
      "payment_type": "BANK",
      "medical_insurance_category": null,
      "medical_insurance_number": null,
      "sos_name_1": null,
      "sos_phone_number_1": null,
      "sos_address_1": null,
      "sos_relationship_1": null,
      "sos_name_2": null,
      "sos_phone_number_2": null,
      "sos_address_2": null,
      "sos_relationship_2": null,
      "sos_name_3": null,
      "sos_phone_number_3": null,
      "sos_address_3": null,
      "sos_relationship_3": null,
      "transferable": "YES",
      "kin_full_name": null,
      "kin_phone_number": null,
      "kin_relationship": null,
      "kin_nationality": 1,
      "kin_passport_number": null,
      "kin_address": null,
      "employment_status": "APPROVED",
      "agresso_number": "7281031",
      "documents": "",
      "payment_location": 4,
      "assigned_locations": []
    }
  },
  {
    "model": "users.employee",
    "pk": 3,
    "fields": {
      "user_group": 1,
      "marital_status": "MARRIED",
      "image": "default.png",
      "mobile_number": "923543846",
      "date_of_birth": "1985-10-15",
      "sex": "MALE",
      "id_number": "7281152",
      "passport_number": null,
      "home_address": "Kapoeta",
      "residential_address": "Lokwamuru",
      "district": 8,
      "basic_salary": "286.53",
      "tin_number": null,
      "nationality": 1,
      "grade": 7,
      "duty_station": 5,
      "duty_country": 1,
      "department": 16,
      "job_title": 198,
      "line_manager": null,
      "contract_type": 1,
      "contract_expiry": "2019-12-31",
      "appointment_date": "2015-07-01",
      "social_security": "YES",
      "payroll_center": 1,
      "bank_1": null,
      "bank_2": null,
      "category": 1,
      "first_account_number": null,
      "second_account_number": null,
      "first_bank_percentage": 100,
      "second_bank_percentage": 0,
      "social_security_number": null,
      "nhif_number": null,
      "currency": 1,
      "cost_centre": 6,
      "payment_type": "CASH",
      "medical_insurance_category": null,
      "medical_insurance_number": null,
      "sos_name_1": null,
      "sos_phone_number_1": null,
      "sos_address_1": null,
      "sos_relationship_1": null,
      "sos_name_2": null,
      "sos_phone_number_2": null,
      "sos_address_2": null,
      "sos_relationship_2": null,
      "sos_name_3": null,
      "sos_phone_number_3": null,
      "sos_address_3": null,
      "sos_relationship_3": null,
      "transferable": "YES",
      "kin_full_name": null,
      "kin_phone_number": null,
      "kin_relationship": null,
      "kin_nationality": 1,
      "kin_passport_number": null,
      "kin_address": null,
      "employment_status": "APPROVED",
      "agresso_number": "7281152",
      "documents": "",
      "payment_location": 5,
      "assigned_locations": []
    }
  },
  {
    "model": "users.employee",
    "pk": 4,
    "fields": {
      "user_group": 1,
      "marital_status": "MARRIED",
      "image": "default.png",
      "mobile_number": null,
      "date_of_birth": "1981-01-17",
      "sex": "MALE",
      "id_number": "7281223",
      "passport_number": null,
      "home_address": "Akobo",
      "residential_address": "Akobo",
      "district": 2,
      "basic_salary": "286.53",
      "tin_number": null,
      "nationality": 1,
      "grade": 7,
      "duty_station": 2,
      "duty_country": 1,
      "department": 1,
      "job_title": 198,
      "line_manager": null,
      "contract_type": 1,
      "contract_expiry": "2019-12-31",
      "appointment_date": "2011-06-01",
      "social_security": "YES",
      "payroll_center": 1,
      "bank_1": null,
      "bank_2": null,
      "category": 1,
      "first_account_number": null,
      "second_account_number": null,
      "first_bank_percentage": 100,
      "second_bank_percentage": 0,
      "social_security_number": null,
      "nhif_number": null,
      "currency": 1,
      "cost_centre": 3,
      "payment_type": "CASH",
      "medical_insurance_category": null,
      "medical_insurance_number": null,
      "sos_name_1": null,
      "sos_phone_number_1": null,
      "sos_address_1": null,
      "sos_relationship_1": null,
      "sos_name_2": null,
      "sos_phone_number_2": null,
      "sos_address_2": null,
      "sos_relationship_2": null,
      "sos_name_3": null,
      "sos_phone_number_3": null,
      "sos_address_3": null,
      "sos_relationship_3": null,
      "transferable": "YES",
      "kin_full_name": null,
      "kin_phone_number": null,
      "kin_relationship": null,
      "kin_nationality": 1,
      "kin_passport_number": null,
      "kin_address": null,
      "employment_status": "APPROVED",
      "agresso_number": "7281223",
      "documents": "",
      "payment_location": 2,
      "assigned_locations": []
    }
  },
  {
    "model": "users.employee",
    "pk": 5,
    "fields": {
      "user_group": 1,
      "marital_status": "MARRIED",
      "image": "default.png",
      "mobile_number": "922407113",
      "date_of_birth": "1986-04-08",
      "sex": "MALE",
      "id_number": "7281236",
      "passport_number": null,
      "home_address": "Juba",
      "residential_address": "GURIYE",
      "district": 7,
      "basic_salary": "525.40",
      "tin_number": null,
      "nationality": 1,
      "grade": 5,
      "duty_station": 4,
      "duty_country": 1,
      "department": 12,
      "job_title": 128,
      "line_manager": null,
      "contract_type": 1,
      "contract_expiry": "2019-12-31",
      "appointment_date": "2015-01-01",
      "social_security": "YES",
      "payroll_center": 1,
      "bank_1": null,
      "bank_2": null,
      "category": 1,
      "first_account_number": null,
      "second_account_number": null,
      "first_bank_percentage": 100,
      "second_bank_percentage": 0,
      "social_security_number": null,
      "nhif_number": null,
      "currency": 1,
      "cost_centre": 1,
      "payment_type": "CASH",
      "medical_insurance_category": null,
      "medical_insurance_number": null,
      "sos_name_1": null,
      "sos_phone_number_1": null,
      "sos_address_1": null,
      "sos_relationship_1": null,
      "sos_name_2": null,
      "sos_phone_number_2": null,
      "sos_address_2": null,
      "sos_relationship_2": null,
      "sos_name_3": null,
      "sos_phone_number_3": null,
      "sos_address_3": null,
      "sos_relationship_3": null,
      "transferable": "YES",
      "kin_full_name": null,
      "kin_phone_number": null,
      "kin_relationship": null,
      "kin_nationality": 1,
      "kin_passport_number": null,
      "kin_address": null,
      "employment_status": "APPROVED",
      "agresso_number": "7281236",
      "documents": "",
      "payment_location": 4,
      "assigned_locations": []
    }
  },
  {
    "model": "users.employee",
    "pk": 6,
    "fields": {
      "user_group": 1,
      "marital_status": "MARRIED",
      "image": "default.png",
      "mobile_number": null,
      "date_of_birth": "1976-02-10",
      "sex": "MALE",
      "id_number": "7281338",
      "passport_number": null,
      "home_address": "Akobo",
      "residential_address": "Akobo",
      "district": 2,
      "basic_salary": "291.83",
      "tin_number": null,
      "nationality": 1,
      "grade": 7,
      "duty_station": 2,
      "duty_country": 1,
      "department": 16,
      "job_title": 43,
      "line_manager": null,
      "contract_type": 1,
      "contract_expiry": "2019-12-31",
      "appointment_date": "2010-09-29",
      "social_security": "YES",
      "payroll_center": 1,
      "bank_1": null,
      "bank_2": null,
      "category": 1,
      "first_account_number": null,
      "second_account_number": null,
      "first_bank_percentage": 100,
      "second_bank_percentage": 0,
      "social_security_number": null,
      "nhif_number": null,
      "currency": 1,
      "cost_centre": 3,
      "payment_type": "CASH",
      "medical_insurance_category": null,
      "medical_insurance_number": null,
      "sos_name_1": null,
      "sos_phone_number_1": null,
      "sos_address_1": null,
      "sos_relationship_1": null,
      "sos_name_2": null,
      "sos_phone_number_2": null,
      "sos_address_2": null,
      "sos_relationship_2": null,
      "sos_name_3": null,
      "sos_phone_number_3": null,
      "sos_address_3": null,
      "sos_relationship_3": null,
      "transferable": "YES",
      "kin_full_name": null,
      "kin_phone_number": null,
      "kin_relationship": null,
      "kin_nationality": 1,
      "kin_passport_number": null,
      "kin_address": null,
      "employment_status": "APPROVED",
      "agresso_number": "7281338",
      "documents": "",
      "payment_location": 2,
      "assigned_locations": []
    }
  },
  {
    "model": "users.employee",
    "pk": 7,
    "fields": {
      "user_group": 1,
      "marital_status": "MARRIED",
      "image": "default.png",
      "mobile_number": null,
      "date_of_birth": "1983-06-02",
      "sex": "MALE",
      "id_number": "7281459",
      "passport_number": null,
      "home_address": "Waat",
      "residential_address": "Lankien/Akobo",
      "district": 4,
      "basic_salary": "947.66",
      "tin_number": null,
      "nationality": 1,
      "grade": 4,
      "duty_station": 11,
      "duty_country": 1,
      "department": 14,
      "job_title": 146,
      "line_manager": null,
      "contract_type": 1,
      "contract_expiry": "2019-08-31",
      "appointment_date": "2011-04-01",
      "social_security": "YES",
      "payroll_center": 1,
      "bank_1": 2,
      "bank_2": null,
      "category": 1,
      "first_account_number": "6940023745",
      "second_account_number": null,
      "first_bank_percentage": 100,
      "second_bank_percentage": 0,
      "social_security_number": null,
      "nhif_number": null,
      "currency": 1,
      "cost_centre": 2,
      "payment_type": "BANK",
      "medical_insurance_category": null,
      "medical_insurance_number": null,
      "sos_name_1": null,
      "sos_phone_number_1": null,
      "sos_address_1": null,
      "sos_relationship_1": null,
      "sos_name_2": null,
      "sos_phone_number_2": null,
      "sos_address_2": null,
      "sos_relationship_2": null,
      "sos_name_3": null,
      "sos_phone_number_3": null,
      "sos_address_3": null,
      "sos_relationship_3": null,
      "transferable": "YES",
      "kin_full_name": null,
      "kin_phone_number": null,
      "kin_relationship": null,
      "kin_nationality": 1,
      "kin_passport_number": null,
      "kin_address": null,
      "employment_status": "APPROVED",
      "agresso_number": "7281459",
      "documents": "",
      "payment_location": 11,
      "assigned_locations": []
    }
  },
  {
    "model": "users.employee",
    "pk": 8,
    "fields": {
      "user_group": 1,
      "marital_status": "MARRIED",
      "image": "default.png",
      "mobile_number": null,
      "date_of_birth": "1978-09-12",
      "sex": "MALE",
      "id_number": "7281177",
      "passport_number": null,
      "home_address": "Waat",
      "residential_address": "Lankien",
      "district": 4,
      "basic_salary": "2589.35",
      "tin_number": null,
      "nationality": 1,
      "grade": 2,
      "duty_station": 10,
      "duty_country": 1,
      "department": 14,
      "job_title": 118,
      "line_manager": null,
      "contract_type": 1,
      "contract_expiry": "2019-06-30",
      "appointment_date": "2015-01-01",
      "social_security": "YES",
      "payroll_center": 1,
      "bank_1": 1,
      "bank_2": null,
      "category": 1,
      "first_account_number": "0200000110198",
      "second_account_number": null,
      "first_bank_percentage": 100,
      "second_bank_percentage": 0,
      "social_security_number": null,
      "nhif_number": null,
      "currency": 1,
      "cost_centre": 10,
      "payment_type": "BANK",
      "medical_insurance_category": null,
      "medical_insurance_number": null,
      "sos_name_1": null,
      "sos_phone_number_1": null,
      "sos_address_1": null,
      "sos_relationship_1": null,
      "sos_name_2": null,
      "sos_phone_number_2": null,
      "sos_address_2": null,
      "sos_relationship_2": null,
      "sos_name_3": null,
      "sos_phone_number_3": null,
      "sos_address_3": null,
      "sos_relationship_3": null,
      "transferable": "YES",
      "kin_full_name": null,
      "kin_phone_number": null,
      "kin_relationship": null,
      "kin_nationality": 1,
      "kin_passport_number": null,
      "kin_address": null,
      "employment_status": "APPROVED",
      "agresso_number": "7281177",
      "documents": "",
      "payment_location": 10,
      "assigned_locations": []
    }
  },
  {
    "model": "users.employee",
    "pk": 9,
    "fields": {
      "user_group": 1,
      "marital_status": "MARRIED",
      "image": "default.png",
      "mobile_number": "925454190",
      "date_of_birth": "1982-01-01",
      "sex": "MALE",
      "id_number": "7281631",
      "passport_number": null,
      "home_address": "Bor Town",
      "residential_address": "Block 7",
      "district": 6,
      "basic_salary": "1534.51",
      "tin_number": null,
      "nationality": 1,
      "grade": 3,
      "duty_station": 3,
      "duty_country": 1,
      "department": 2,
      "job_title": 80,
      "line_manager": null,
      "contract_type": 1,
      "contract_expiry": "2019-12-31",
      "appointment_date": "2015-11-17",
      "social_security": "YES",
      "payroll_center": 1,
      "bank_1": null,
      "bank_2": null,
      "category": 1,
      "first_account_number": null,
      "second_account_number": null,
      "first_bank_percentage": 100,
      "second_bank_percentage": 0,
      "social_security_number": null,
      "nhif_number": null,
      "currency": 1,
      "cost_centre": 4,
      "payment_type": "CASH",
      "medical_insurance_category": null,
      "medical_insurance_number": null,
      "sos_name_1": null,
      "sos_phone_number_1": null,
      "sos_address_1": null,
      "sos_relationship_1": null,
      "sos_name_2": null,
      "sos_phone_number_2": null,
      "sos_address_2": null,
      "sos_relationship_2": null,
      "sos_name_3": null,
      "sos_phone_number_3": null,
      "sos_address_3": null,
      "sos_relationship_3": null,
      "transferable": "YES",
      "kin_full_name": null,
      "kin_phone_number": null,
      "kin_relationship": null,
      "kin_nationality": 1,
      "kin_passport_number": null,
      "kin_address": null,
      "employment_status": "APPROVED",
      "agresso_number": "7281631",
      "documents": "",
      "payment_location": 3,
      "assigned_locations": []
    }
  },
  {
    "model": "users.employee",
    "pk": 10,
    "fields": {
      "user_group": 1,
      "marital_status": "MARRIED",
      "image": "default.png",
      "mobile_number": "921741287",
      "date_of_birth": "1982-03-24",
      "sex": "MALE",
      "id_number": "7281673",
      "passport_number": null,
      "home_address": "Kapoeta",
      "residential_address": "Kapoeta",
      "district": 8,
      "basic_salary": "395.35",
      "tin_number": null,
      "nationality": 1,
      "grade": 6,
      "duty_station": 5,
      "duty_country": 1,
      "department": 7,
      "job_title": 60,
      "line_manager": null,
      "contract_type": 1,
      "contract_expiry": "2019-12-31",
      "appointment_date": "2015-07-01",
      "social_security": "YES",
      "payroll_center": 1,
      "bank_1": null,
      "bank_2": null,
      "category": 1,
      "first_account_number": null,
      "second_account_number": null,
      "first_bank_percentage": 100,
      "second_bank_percentage": 0,
      "social_security_number": null,
      "nhif_number": null,
      "currency": 1,
      "cost_centre": 6,
      "payment_type": "CASH",
      "medical_insurance_category": null,
      "medical_insurance_number": null,
      "sos_name_1": null,
      "sos_phone_number_1": null,
      "sos_address_1": null,
      "sos_relationship_1": null,
      "sos_name_2": null,
      "sos_phone_number_2": null,
      "sos_address_2": null,
      "sos_relationship_2": null,
      "sos_name_3": null,
      "sos_phone_number_3": null,
      "sos_address_3": null,
      "sos_relationship_3": null,
      "transferable": "YES",
      "kin_full_name": null,
      "kin_phone_number": null,
      "kin_relationship": null,
      "kin_nationality": 1,
      "kin_passport_number": null,
      "kin_address": null,
      "employment_status": "TERMINATED",
      "agresso_number": "7281673",
      "documents": "",
      "payment_location": 5,
      "assigned_locations": []
    }
  },
  {
    "model": "users.costcentre",
    "pk": 1,
    "fields": {
      "cost_centre": "72800",
      "description": ""
    }
  },
  {
    "model": "users.costcentre",
    "pk": 2,
    "fields": {
      "cost_centre": "72801",
      "description": ""
    }
  },
  {
    "model": "users.costcentre",
    "pk": 3,
    "fields": {
      "cost_centre": "72802",
      "description": ""
    }
  },
  {
    "model": "users.costcentre",
    "pk": 4,
    "fields": {
      "cost_centre": "72803",
      "description": ""
    }
  },
  {
    "model": "users.costcentre",
    "pk": 5,
    "fields": {
      "cost_centre": "72804",
      "description": ""
    }
  },
  {
    "model": "users.costcentre",
    "pk": 6,
    "fields": {
      "cost_centre": "72805",
      "description": ""
    }
  },
  {
    "model": "users.costcentre",
    "pk": 7,
    "fields": {
      "cost_centre": "72809",
      "description": ""
    }
  },
  {
    "model": "users.costcentre",
    "pk": 8,
    "fields": {
      "cost_centre": "72813",
      "description": ""
    }
  },
  {
    "model": "users.costcentre",
    "pk": 9,
    "fields": {
      "cost_centre": "72815",
      "description": ""
    }
  },
  {
    "model": "users.costcentre",
    "pk": 10,
    "fields": {
      "cost_centre": "72816",
      "description": ""
    }
  },
  {
    "model": "users.costcentre",
    "pk": 11,
    "fields": {
      "cost_centre": "72818",
      "description": ""
    }
  },
  {
    "model": "users.category",
    "pk": 1,
    "fields": {
      "name": "NATIONAL"
    }
  },
  {
    "model": "users.category",
    "pk": 2,
    "fields": {
      "name": "TEMPORARY"
    }
  },
  {
    "model": "users.category",
    "pk": 3,
    "fields": {
      "name": "INTERNATIONAL"
    }
  },
  {
    "model": "users.district",
    "pk": 1,
    "fields": {
      "name": "Abyei Adminstrative Area"
    }
  },
  {
    "model": "users.district",
    "pk": 2,
    "fields": {
      "name": "Akobo State"
    }
  },
  {
    "model": "users.district",
    "pk": 3,
    "fields": {
      "name": "Aweil East State"
    }
  },
  {
    "model": "users.district",
    "pk": 4,
    "fields": {
      "name": "Bieh State"
    }
  },
  {
    "model": "users.district",
    "pk": 5,
    "fields": {
      "name": "Eastern Lakes  State"
    }
  },
  {
    "model": "users.district",
    "pk": 6,
    "fields": {
      "name": "Jonglei State"
    }
  },
  {
    "model": "users.district",
    "pk": 7,
    "fields": {
      "name": "Jubek State"
    }
  },
  {
    "model": "users.district",
    "pk": 8,
    "fields": {
      "name": "Kapoeta State"
    }
  },
  {
    "model": "users.district",
    "pk": 9,
    "fields": {
      "name": "Northern Upper Nile State"
    }
  },
  {
    "model": "users.district",
    "pk": 10,
    "fields": {
      "name": "Torit State"
    }
  },
  {
    "model": "users.district",
    "pk": 11,
    "fields": {
      "name": "Western Lakes State"
    }
  },
  {
    "model": "users.project",
    "pk": 1,
    "fields": {
      "project_code": "80000",
      "project_name": "NIM"
    }
  },
  {
    "model": "users.sof",
    "pk": 1,
    "fields": {
      "sof_code": "800",
      "sof_name": "NIM SOF"
    }
  },
  {
    "model": "users.dea",
    "pk": 1,
    "fields": {
      "dea_code": "900",
      "dea_name": "NIM DEA"
    }
  }
]